{
  "run_id": "56227f475a9e4bf4b3bbf7ef8219b450",
  "data_source": "WEDA-FALL",
  "n_params": 10641,
  "threshold": 0.4731696546077728,
  "test": {
    "threshold": 0.4731696546077728,
    "recall": 0.903485254691689,
    "precision": 0.302785265049416,
    "f1": 0.4535666218034994,
    "fpr": 0.40756302521008403,
    "fpr_adl": 0.4702194357366771,
    "specificity": 0.592436974789916,
    "tp": 337.0,
    "fp": 776.0,
    "tn": 1128.0,
    "fn": 36.0,
    "n_positive": 373.0,
    "n_adl": 1276.0
  },
  "lead": {
    "n": 337,
    "mean_ms": 245.1632080078125,
    "median_ms": 260.0,
    "p10_ms": 60.0,
    "p90_ms": 460.0,
    "histogram_counts": [
      74,
      0,
      75,
      0,
      0,
      70,
      0,
      63,
      0,
      55
    ],
    "histogram_edges_ms": [
      60.0,
      100.0,
      140.0,
      180.0,
      220.0,
      260.0,
      300.0,
      340.0,
      380.0,
      420.0,
      460.0
    ]
  },
  "targets": {
    "recall": 0.95,
    "fpr_adl": 0.05,
    "lead_ms": 300.0
  },
  "checkpoint": "C:\\Users\\devgu\\Downloads\\Project\\Personal\\Repos\\fall-detect-system\\ml\\artifacts\\edge\\convlstm_tiny_fp32.pt"
}