{
  "mean": [
    0.10885686427354813,
    0.10520331561565399,
    9.921210289001465,
    0.003282899037003517,
    0.003173300065100193,
    -0.0008228729129768908
  ],
  "std": [
    1.8531492948532104,
    1.845190167427063,
    1.8514277935028076,
    0.8468602299690247,
    0.8379327654838562,
    0.8285641670227051
  ]
}