{
  "run_id": "20d942327be54a7e927b0af4b206b192",
  "data_source": "WEDA-FALL",
  "n_params": 10641,
  "threshold": 0.3198268413543701,
  "test": {
    "threshold": 0.3198268413543701,
    "recall": 0.903010033444816,
    "precision": 0.2735562310030395,
    "f1": 0.41990668740279935,
    "fpr": 0.37657563025210083,
    "fpr_adl": 0.42554858934169276,
    "specificity": 0.6234243697478992,
    "tp": 270.0,
    "fp": 717.0,
    "tn": 1187.0,
    "fn": 29.0,
    "n_positive": 299.0,
    "n_adl": 1276.0
  },
  "lead": {
    "n": 270,
    "mean_ms": 198.1481475830078,
    "median_ms": 160.0,
    "p10_ms": 60.0,
    "p90_ms": 360.0,
    "histogram_counts": [
      75,
      0,
      0,
      72,
      0,
      0,
      68,
      0,
      0,
      55
    ],
    "histogram_edges_ms": [
      60.0,
      90.0,
      120.0,
      150.0,
      180.0,
      210.0,
      240.0,
      270.0,
      300.0,
      330.0,
      360.0
    ]
  },
  "targets": {
    "recall": 0.95,
    "fpr_adl": 0.05,
    "lead_ms": 300.0
  },
  "checkpoint": "C:\\Users\\devgu\\Downloads\\Project\\Personal\\Repos\\fall-detect-system\\ml\\artifacts\\edge\\convlstm_tiny_fp32.pt"
}