{
  "mean": [
    0.11519477516412735,
    0.10105138272047043,
    9.925142288208008,
    0.00445190304890275,
    0.004036706872284412,
    8.216476317102206e-07
  ],
  "std": [
    1.860912799835205,
    1.8241703510284424,
    1.8608845472335815,
    0.8549374938011169,
    0.8443738222122192,
    0.8207448124885559
  ]
}