{
  "mean": [
    -4.139451503753662,
    -3.346256732940674,
    2.9029037952423096,
    0.0011715942528098822,
    0.0077935634180903435,
    -0.02610001154243946,
    0.02257889322936535,
    -0.017080944031476974,
    0.014523236081004143,
    0.014677150174975395
  ],
  "std": [
    6.250351428985596,
    5.152247905731201,
    5.322582721710205,
    1.592791199684143,
    1.132143497467041,
    1.2031563520431519,
    0.5882177948951721,
    0.4026983678340912,
    0.41468849778175354,
    0.5672401785850525
  ]
}