{
  "mode": "per_user",
  "global": {
    "mean": [
      -0.0026903587859123945,
      0.9186920523643494,
      -1.7560948133468628,
      1.7660995721817017,
      3.52219295501709,
      0.920573353767395,
      -0.005101406015455723,
      0.9292082190513611,
      -1.7645723819732666,
      1.7561324834823608,
      3.520703077316284,
      0.9309601187705994,
      9.809223175048828,
      0.9329264760017395,
      8.036293983459473,
      11.589323997497559,
      3.5530309677124023,
      9.857731819152832,
      0.004917983431369066,
      0.9364578127861023,
      -1.7744994163513184,
      1.7953397035598755,
      3.5698397159576416,
      0.938362181186676,
      0.006466937251389027,
      0.9213517904281616,
      -1.7633633613586426,
      1.7806289196014404,
      3.5439908504486084,
      0.9232985377311707,
      0.0011020689271390438,
      0.8947418928146362,
      -1.7352540493011475,
      1.7082760334014893,
      3.443528175354004,
      0.8964006304740906,
      11.431462287902832,
      11.646925926208496,
      9.9052152633667,
      0.9275799989700317,
      39.54465866088867,
      1.688002347946167,
      1.5434885025024414
    ],
    "std": [
      0.0612356923520565,
      0.290514200925827,
      0.4459577798843384,
      0.44037148356437683,
      0.8555917143821716,
      0.29102402925491333,
      0.057494889944791794,
      0.2891882359981537,
      0.4447704255580902,
      0.4202275574207306,
      0.8351119160652161,
      0.28931429982185364,
      0.06028280407190323,
      0.29042112827301025,
      0.45275041460990906,
      0.43013796210289,
      0.8563399314880371,
      0.06601615250110626,
      0.061708640307188034,
      0.2816327214241028,
      0.4209079444408417,
      0.43584689497947693,
      0.8309708833694458,
      0.2820965647697449,
      0.060853831470012665,
      0.28470879793167114,
      0.4145933985710144,
      0.4316471815109253,
      0.819534957408905,
      0.2849804759025574,
      0.055855199694633484,
      0.2764754593372345,
      0.4236125946044922,
      0.41844436526298523,
      0.8142893314361572,
      0.2767459750175476,
      0.38790637254714966,
      0.42407095432281494,
      0.0721893161535263,
      0.2879103720188141,
      8.763021469116211,
      0.31485870480537415,
      0.569441020488739
    ]
  }
}