{
  "run_id": "e7d3967ca4094ecf907bb156256d6499",
  "data_source": "WEDA-FALL",
  "n_params": 47145,
  "threshold": 0.25890231132507324,
  "test": {
    "threshold": 0.25890231132507324,
    "recall": 0.839142091152815,
    "precision": 0.6688034188034188,
    "f1": 0.7443519619500595,
    "fpr": 0.08140756302521009,
    "fpr_adl": 0.05956112852664577,
    "specificity": 0.9185924369747899,
    "tp": 313.0,
    "fp": 155.0,
    "tn": 1749.0,
    "fn": 60.0,
    "n_positive": 373.0,
    "n_adl": 1276.0
  },
  "lead": {
    "n": 313,
    "mean_ms": 249.4568634033203,
    "median_ms": 260.0,
    "p10_ms": 60.0,
    "p90_ms": 460.0,
    "histogram_counts": [
      67,
      0,
      68,
      0,
      0,
      63,
      0,
      61,
      0,
      54
    ],
    "histogram_edges_ms": [
      60.0,
      100.0,
      140.0,
      180.0,
      220.0,
      260.0,
      300.0,
      340.0,
      380.0,
      420.0,
      460.0
    ]
  },
  "targets": {
    "recall": 0.95,
    "fpr_adl": 0.05,
    "lead_ms": 300.0
  },
  "checkpoint": "C:\\Users\\devgu\\Downloads\\Project\\Personal\\Repos\\fall-detect-system\\ml\\artifacts\\edge\\convlstm_tiny_fp32.pt"
}