{
  "mean": [
    -4.063023567199707,
    -3.3484044075012207,
    2.8895843029022217,
    0.003264868166297674,
    0.008762332610785961,
    -0.027316829189658165
  ],
  "std": [
    6.271121501922607,
    5.216089725494385,
    5.370990753173828,
    1.6031736135482788,
    1.1388901472091675,
    1.2079484462738037
  ]
}