{
  "mean": [
    -4.139887809753418,
    -3.3466105461120605,
    2.9028027057647705,
    0.0011704586213454604,
    0.007797549478709698,
    -0.026100169867277145
  ],
  "std": [
    6.2512125968933105,
    5.153898239135742,
    5.323293685913086,
    1.5935237407684326,
    1.1325210332870483,
    1.203936219215393
  ]
}