{
  "mean": [
    -4.189336776733398,
    -3.2361819744110107,
    2.775057554244995,
    0.010943767614662647,
    0.01771860010921955,
    -0.03424467891454697
  ],
  "std": [
    6.028916835784912,
    5.479727268218994,
    5.676400184631348,
    1.6456276178359985,
    1.1612242460250854,
    1.2306920289993286
  ]
}