{
  "mean": [
    -3.7617788314819336,
    -3.3650662899017334,
    2.852140188217163,
    0.006311174016445875,
    0.024539915844798088,
    -0.02537943422794342
  ],
  "std": [
    6.312833786010742,
    5.452624797821045,
    5.550629138946533,
    1.6240888833999634,
    1.1441892385482788,
    1.2127610445022583
  ]
}