{
  "mean": [
    -4.288503170013428,
    -3.3230929374694824,
    2.828124761581421,
    0.0032136577647179365,
    0.00506149185821414,
    -0.01416065450757742
  ],
  "std": [
    5.984207630157471,
    5.427185535430908,
    5.645454406738281,
    1.6044071912765503,
    1.1166194677352905,
    1.2716494798660278
  ]
}