{
  "mode": "per_user",
  "global": {
    "mean": [
      -4.211142539978027,
      2.993345260620117,
      -12.082782745361328,
      2.3454129695892334,
      14.428207397460938,
      7.151130199432373,
      -3.998403310775757,
      3.0203166007995605,
      -12.060554504394531,
      2.3992061614990234,
      14.45976734161377,
      5.515451908111572,
      2.9684934616088867,
      2.7084906101226807,
      -3.2928073406219482,
      9.829296112060547,
      13.12208366394043,
      5.015295028686523,
      0.021319027990102768,
      1.305536150932312,
      -3.3553667068481445,
      3.3951261043548584,
      6.7504987716674805,
      1.367955207824707,
      0.06636218726634979,
      0.8563728332519531,
      -1.7943848371505737,
      2.16137433052063,
      3.955758810043335,
      0.8941780924797058,
      -0.02635171078145504,
      0.9324317574501038,
      -2.0635933876037598,
      2.1692633628845215,
      4.232851505279541,
      0.9709164500236511,
      15.604608535766602,
      20.32932472229004,
      10.772283554077148,
      2.784756898880005,
      272.79925537109375,
      1.819825530052185,
      2.6741745471954346
    ],
    "std": [
      5.145626068115234,
      2.2914676666259766,
      7.169344425201416,
      9.143739700317383,
      11.969147682189941,
      2.6987969875335693,
      2.996952533721924,
      3.142909526824951,
      9.98488998413086,
      5.610080718994141,
      13.210075378417969,
      3.6808972358703613,
      3.5346131324768066,
      2.046764373779297,
      7.503696441650391,
      7.078760623931885,
      11.301722526550293,
      2.7708194255828857,
      0.4291136860847473,
      0.8468664288520813,
      2.6639797687530518,
      2.742831230163574,
      4.753505229949951,
      0.8572598695755005,
      0.29326269030570984,
      0.7039169073104858,
      1.5956000089645386,
      2.0320115089416504,
      3.3458826541900635,
      0.7209205031394958,
      0.2911263406276703,
      0.74053955078125,
      1.8880977630615234,
      1.8794529438018799,
      3.4447882175445557,
      0.7487322688102722,
      2.822683334350586,
      10.92443561553955,
      1.7606682777404785,
      2.8853840827941895,
      284.17132568359375,
      1.1482006311416626,
      0.48651832342147827
    ]
  }
}