{
  "mode": "per_user",
  "global": {
    "mean": [
      -0.005815983284264803,
      0.9284390807151794,
      -1.7746695280075073,
      1.7729589939117432,
      3.547626495361328,
      0.930156409740448,
      -0.00023513768974225968,
      0.9388427138328552,
      -1.7831724882125854,
      1.7796714305877686,
      3.562842845916748,
      0.940503716468811,
      9.815023422241211,
      0.9191691279411316,
      8.06070613861084,
      11.578763008117676,
      3.518054246902466,
      9.862397193908691,
      0.008322673849761486,
      0.9221426844596863,
      -1.74709153175354,
      1.7633172273635864,
      3.510411262512207,
      0.9239203929901123,
      0.007790158037096262,
      0.9213147163391113,
      -1.755898118019104,
      1.778537392616272,
      3.5344343185424805,
      0.9230982065200806,
      -0.004041322506964207,
      0.9063093066215515,
      -1.7428501844406128,
      1.730377197265625,
      3.4732260704040527,
      0.907927393913269,
      11.454913139343262,
      11.636478424072266,
      9.912782669067383,
      0.9142938852310181,
      39.30892562866211,
      1.684572696685791,
      1.5324896574020386
    ],
    "std": [
      0.05847520753741264,
      0.2890429198741913,
      0.441133975982666,
      0.44281700253486633,
      0.8558773398399353,
      0.2894934415817261,
      0.05733134597539902,
      0.2933676242828369,
      0.44328880310058594,
      0.4334012269973755,
      0.8517051935195923,
      0.29364925622940063,
      0.05857846513390541,
      0.29686468839645386,
      0.4505801796913147,
      0.43899574875831604,
      0.8636563420295715,
      0.06517742574214935,
      0.05836987867951393,
      0.28659042716026306,
      0.4245079755783081,
      0.441027969121933,
      0.840261697769165,
      0.2869308590888977,
      0.058160506188869476,
      0.2857897877693176,
      0.4237382709980011,
      0.4283822178840637,
      0.8273542523384094,
      0.2860586941242218,
      0.05529418960213661,
      0.27861467003822327,
      0.4220343828201294,
      0.4238828420639038,
      0.8171597123146057,
      0.2788630723953247,
      0.3842082619667053,
      0.43033120036125183,
      0.07197631895542145,
      0.29419180750846863,
      7.943966388702393,
      0.30862224102020264,
      0.5588471293449402
    ]
  }
}