{
  "mode": "per_user",
  "global": {
    "mean": [
      -4.694540500640869,
      2.963592052459717,
      -12.619474411010742,
      1.725005030632019,
      14.344490051269531,
      7.109720230102539,
      -3.9608211517333984,
      3.0426487922668457,
      -12.091431617736816,
      2.441145181655884,
      14.53256893157959,
      5.515605926513672,
      3.0308759212493896,
      2.729856252670288,
      -3.2229621410369873,
      9.981451034545898,
      13.204394340515137,
      5.089369297027588,
      0.030349286273121834,
      1.309959053993225,
      -3.3440561294555664,
      3.42570424079895,
      6.769762992858887,
      1.3715358972549438,
      0.061904359608888626,
      0.8618096113204956,
      -1.8098227977752686,
      2.165989398956299,
      3.975813150405884,
      0.9008768200874329,
      -0.031268879771232605,
      0.9441420435905457,
      -2.064289093017578,
      2.2149453163146973,
      4.279228210449219,
      0.9838041663169861,
      15.631693840026855,
      20.379085540771484,
      10.751816749572754,
      2.802480459213257,
      274.33905029296875,
      1.808051586151123,
      2.6722352504730225
    ],
    "std": [
      4.663458824157715,
      2.1998131275177,
      6.802816867828369,
      8.5418062210083,
      11.77031135559082,
      2.619257688522339,
      3.01776385307312,
      3.126091480255127,
      10.065960884094238,
      5.567296504974365,
      13.112191200256348,
      3.6610586643218994,
      3.5480964183807373,
      2.046894073486328,
      7.495612621307373,
      7.052524089813232,
      11.240995407104492,
      2.741426467895508,
      0.42552444338798523,
      0.8378588557243347,
      2.6758954524993896,
      2.731717109680176,
      4.731712341308594,
      0.8478674292564392,
      0.29689472913742065,
      0.6892783641815186,
      1.5845293998718262,
      2.006244659423828,
      3.2961723804473877,
      0.7058477401733398,
      0.29977601766586304,
      0.7396783828735352,
      1.8191555738449097,
      1.9454046487808228,
      3.4458632469177246,
      0.7493356466293335,
      2.6948177814483643,
      10.913464546203613,
      1.6720597743988037,
      2.898301362991333,
      285.9457092285156,
      1.136423110961914,
      0.49099141359329224
    ]
  }
}