{
  "run_id": "051e423821d74c20957f79628312c979",
  "data_source": "WEDA-FALL",
  "n_params": 47625,
  "threshold": 0.5840668678283691,
  "test": {
    "threshold": 0.5840668678283691,
    "recall": 0.7962466487935657,
    "precision": 0.7191283292978208,
    "f1": 0.7557251908396945,
    "fpr": 0.06092436974789916,
    "fpr_adl": 0.03918495297805643,
    "specificity": 0.9390756302521008,
    "tp": 297.0,
    "fp": 116.0,
    "tn": 1788.0,
    "fn": 76.0,
    "n_positive": 373.0,
    "n_adl": 1276.0
  },
  "lead": {
    "n": 297,
    "mean_ms": 242.15487670898438,
    "median_ms": 260.0,
    "p10_ms": 60.0,
    "p90_ms": 460.0,
    "histogram_counts": [
      69,
      0,
      67,
      0,
      0,
      59,
      0,
      52,
      0,
      50
    ],
    "histogram_edges_ms": [
      60.0,
      100.0,
      140.0,
      180.0,
      220.0,
      260.0,
      300.0,
      340.0,
      380.0,
      420.0,
      460.0
    ]
  },
  "targets": {
    "recall": 0.95,
    "fpr_adl": 0.05,
    "lead_ms": 300.0
  },
  "checkpoint": "C:\\Users\\devgu\\Downloads\\Project\\Personal\\Repos\\fall-detect-system\\ml\\artifacts\\edge\\convlstm_tiny_fp32.pt"
}