{
  "run_id": "4424f83efee7465c9022a0bcc3bec8cb",
  "data_source": "WEDA-FALL",
  "n_params": 47625,
  "threshold": 0.0879235714673996,
  "test": {
    "threshold": 0.0879235714673996,
    "recall": 0.9061662198391421,
    "precision": 0.4378238341968912,
    "f1": 0.5903930131004368,
    "fpr": 0.22794117647058823,
    "fpr_adl": 0.2170846394984326,
    "specificity": 0.7720588235294118,
    "tp": 338.0,
    "fp": 434.0,
    "tn": 1470.0,
    "fn": 35.0,
    "n_positive": 373.0,
    "n_adl": 1276.0
  },
  "lead": {
    "n": 338,
    "mean_ms": 252.60354614257812,
    "median_ms": 260.0,
    "p10_ms": 60.0,
    "p90_ms": 460.0,
    "histogram_counts": [
      72,
      0,
      71,
      0,
      0,
      67,
      0,
      66,
      0,
      62
    ],
    "histogram_edges_ms": [
      60.0,
      100.0,
      140.0,
      180.0,
      220.0,
      260.0,
      300.0,
      340.0,
      380.0,
      420.0,
      460.0
    ]
  },
  "targets": {
    "recall": 0.95,
    "fpr_adl": 0.05,
    "lead_ms": 300.0
  },
  "checkpoint": "C:\\Users\\devgu\\Downloads\\Project\\Personal\\Repos\\fall-detect-system\\ml\\artifacts\\edge\\convlstm_tiny_fp32.pt"
}