{
  "mean": [
    0.10560774058103561,
    0.11366698890924454,
    9.924015998840332,
    0.006398752797394991,
    0.0049809725023806095,
    -0.0034389332868158817
  ],
  "std": [
    1.8160325288772583,
    1.8618240356445312,
    1.8231509923934937,
    0.844455897808075,
    0.8443061709403992,
    0.8303229212760925
  ]
}