{
  "run_id": "e3356659f1544f9e80ed1fee0777a82e",
  "mode": "5-fold OOF",
  "data_source": "WEDA-FALL",
  "n_params": 137858,
  "threshold": 0.04997508156715882,
  "test": {
    "threshold": 0.04997508156715882,
    "recall": 0.97,
    "precision": 0.5453815261044177,
    "f1": 0.6982005141388175,
    "fpr": 0.07343973011547944,
    "fpr_adl": 0.07249237394581015,
    "specificity": 0.9265602698845206,
    "tp": 679.0,
    "fp": 566.0,
    "tn": 7141.0,
    "fn": 21.0,
    "n_positive": 700.0,
    "n_adl": 5573.0
  },
  "severity_mae_ms2": 1.6838000955374073,
  "calibration": {
    "brier_raw": 0.027019433735456674,
    "brier_calibrated": 0.02121412930496397
  },
  "targets": {
    "recall": 0.97,
    "fpr_adl": 0.02
  },
  "sample_inference": {
    "is_fall": true,
    "confidence": 0.8705484867095947,
    "severity": "high",
    "action": "alert_caregiver",
    "lead_time_ms": null,
    "model_version": "cloud-transformer-v0.1"
  },
  "checkpoint": "C:\\Users\\devgu\\Downloads\\Project\\Personal\\Repos\\fall-detect-system\\ml\\artifacts\\cloud\\transformer_detector_fp32.pt"
}