{
  "mode": "per_user",
  "global": {
    "mean": [
      -0.002827998250722885,
      0.9374718070030212,
      -1.7744921445846558,
      1.791093349456787,
      3.5655839443206787,
      0.9393816590309143,
      -0.002306515583768487,
      0.919529378414154,
      -1.7480157613754272,
      1.7420636415481567,
      3.4900784492492676,
      0.921174168586731,
      9.810209274291992,
      0.9371371269226074,
      8.023695945739746,
      11.587773323059082,
      3.5640790462493896,
      9.859164237976074,
      0.004443301819264889,
      0.9246248602867126,
      -1.7545064687728882,
      1.777838945388794,
      3.5323452949523926,
      0.9264047741889954,
      0.006902205292135477,
      0.9136677980422974,
      -1.7464182376861572,
      1.764395833015442,
      3.5108134746551514,
      0.9156014919281006,
      -0.00036069477209821343,
      0.9042702913284302,
      -1.7439367771148682,
      1.7255343198776245,
      3.4694693088531494,
      0.9059362411499023,
      11.440816879272461,
      11.643823623657227,
      9.906965255737305,
      0.9317575693130493,
      39.729698181152344,
      1.6912024021148682,
      1.5377665758132935
    ],
    "std": [
      0.061939459294080734,
      0.2919338345527649,
      0.4506377875804901,
      0.44749537110328674,
      0.8702311515808105,
      0.29237881302833557,
      0.056054532527923584,
      0.28529563546180725,
      0.4364130198955536,
      0.4103822708129883,
      0.818779468536377,
      0.28550487756729126,
      0.061440758407115936,
      0.2922838628292084,
      0.451410710811615,
      0.4297405481338501,
      0.8553543090820312,
      0.06700408458709717,
      0.0587041974067688,
      0.28652873635292053,
      0.427824467420578,
      0.44832688570022583,
      0.8507997989654541,
      0.2868272066116333,
      0.061046626418828964,
      0.28323855996131897,
      0.4154275059700012,
      0.4353333115577698,
      0.8251262307167053,
      0.2836576998233795,
      0.05567614361643791,
      0.2786022424697876,
      0.42231276631355286,
      0.41692036390304565,
      0.8117905855178833,
      0.2787521481513977,
      0.38473036885261536,
      0.42418360710144043,
      0.07480784505605698,
      0.2896384298801422,
      8.860065460205078,
      0.3179977238178253,
      0.5575752854347229
    ]
  }
}