{
  "model_version": "cloud-transformer-v0.1",
  "threshold": 0.04997508156715882,
  "platt": {
    "coef": 1.898060574652323,
    "intercept": -0.7377480322301734
  },
  "channel_stats": {
    "mean": [
      -4.288503170013428,
      -3.3230929374694824,
      2.828124761581421,
      0.0032136577647179365,
      0.00506149185821414,
      -0.01416065450757742
    ],
    "std": [
      5.984207630157471,
      5.427185535430908,
      5.645454406738281,
      1.6044071912765503,
      1.1166194677352905,
      1.2716494798660278
    ]
  },
  "feature_norm": {
    "mean": [
      -4.802351951599121,
      3.0031607151031494,
      -12.730081558227539,
      1.5326592922210693,
      14.262710571289062,
      7.136782169342041,
      -4.06475305557251,
      3.0843822956085205,
      -12.218072891235352,
      2.432861089706421,
      14.65095043182373,
      5.588718414306641,
      2.9320099353790283,
      2.716764450073242,
      -3.202097177505493,
      9.812864303588867,
      13.014920234680176,
      5.013801574707031,
      0.016355173662304878,
      1.3006216287612915,
      -3.2762672901153564,
      3.4269015789031982,
      6.703179359436035,
      1.3623332977294922,
      0.046757109463214874,
      0.844417154788971,
      -1.7834603786468506,
      2.064805507659912,
      3.8482749462127686,
      0.8841570615768433,
      -0.010044960305094719,
      0.9938089847564697,
      -2.0998663902282715,
      2.3060495853424072,
      4.405910491943359,
      1.0341962575912476,
      15.657638549804688,
      20.362459182739258,
      10.787012100219727,
      2.8115272521972656,
      272.4673156738281,
      1.7873854637145996,
      2.660048007965088
    ],
    "std": [
      4.596646308898926,
      2.2403321266174316,
      6.947787761688232,
      8.103617668151855,
      11.5745210647583,
      2.701122522354126,
      2.9770331382751465,
      3.106863498687744,
      10.014719009399414,
      5.485653400421143,
      13.036784172058105,
      3.649284601211548,
      3.557482957839966,
      1.9974288940429688,
      7.055684566497803,
      7.169518947601318,
      10.865675926208496,
      2.735809803009033,
      0.4272901713848114,
      0.8374372720718384,
      2.624112367630005,
      2.8068981170654297,
      4.739624500274658,
      0.8484143018722534,
      0.29496464133262634,
      0.6719461679458618,
      1.5204590559005737,
      1.9102935791015625,
      3.1405746936798096,
      0.6870281100273132,
      0.30045410990715027,
      0.7845908999443054,
      1.7863503694534302,
      2.019679546356201,
      3.4939630031585693,
      0.7899637818336487,
      2.7602522373199463,
      10.710958480834961,
      1.7166212797164917,
      2.8623275756835938,
      280.4925537109375,
      1.1267694234848022,
      0.5067754983901978
    ]
  },
  "severity_scaler": {
    "mean": 21.44753074645996,
    "std": 12.744755744934082
  },
  "severity_cuts_ms2": {
    "medium": 20.0,
    "high": 30.0
  },
  "n_channels": 6,
  "n_features": 43,
  "window_samples": 125,
  "cv": {
    "status": "recovered"
  }
}